customer_id,customer_name,email,phone,city,state,registration_date
1,Aarav Patel,customer1@example.com,9842868828,Indore,Madhya Pradesh,2025-04-25
2,Simran Verma,customer2@example.com,9883197857,Varanasi,Uttar Pradesh,2025-02-14
3,Isha Sharma,customer3@example.com,9813999315,Bengaluru,Karnataka,2025-02-17
4,Rahul Agarwal,customer4@example.com,9890801586,Delhi,Delhi,2025-01-14
5,Ishaan Agarwal,customer5@example.com,9866306997,Kolkata,West Bengal,2025-04-23
6,Priya Patel,customer6@example.com,9810872248,Lucknow,Uttar Pradesh,2026-01-24
7,Pooja Jain,customer7@example.com,9855667651,Varanasi,Uttar Pradesh,2025-05-23
8,Ishaan Singh,customer8@example.com,9823718431,Varanasi,Uttar Pradesh,2025-02-17
9,Arjun Singh,customer9@example.com,9856164955,Jaipur,Rajasthan,2025-11-06
10,Anushka Sharma,customer10@example.com,9871662963,Mumbai,Maharashtra,2025-10-02
11,Avni Jain,customer11@example.com,9820576383,Indore,Madhya Pradesh,2025-10-10
12,Mahi Mishra,customer12@example.com,9858537831,Mumbai,Maharashtra,2025-10-23
13,Pooja Verma,customer13@example.com,9816150444,Delhi,Delhi,2025-12-05
14,Shreya Patel,customer14@example.com,9820709497,Delhi,Delhi,2026-03-14
15,Sneha Verma,customer15@example.com,9861019678,Delhi,Delhi,2025-05-23
16,Neha Singh,customer16@example.com,9831831063,Lucknow,Uttar Pradesh,2025-07-09
17,Ishaan Patel,customer17@example.com,9896977837,Pune,Maharashtra,2025-02-06
18,Neha Gupta,customer18@example.com,9881691040,Bengaluru,Karnataka,2026-01-09
19,Rohan Mehta,customer19@example.com,9860929647,Delhi,Delhi,2025-05-19
20,Rahul Singh,customer20@example.com,9817507864,Kolkata,West Bengal,2025-04-28
21,Anushka Singh,customer21@example.com,9863843426,Bhopal,Madhya Pradesh,2025-05-18
22,Ishaan Mishra,customer22@example.com,9852235350,Indore,Madhya Pradesh,2025-04-19
23,Diya Mehta,customer23@example.com,9829175900,Lucknow,Uttar Pradesh,2025-05-16
24,Rahul Agarwal,customer24@example.com,9882340307,Varanasi,Uttar Pradesh,2025-05-15
25,Isha Mishra,customer25@example.com,9863606628,Bengaluru,Karnataka,2025-07-05
26,Kabir Agarwal,customer26@example.com,9876238574,Delhi,Delhi,2025-02-16
27,Sneha Verma,customer27@example.com,9830514014,Bhopal,Madhya Pradesh,2025-11-18
28,Anushka Jain,customer28@example.com,9890048665,Varanasi,Uttar Pradesh,2025-02-02
29,Diya Mishra,customer29@example.com,9872820592,Jaipur,Rajasthan,2025-09-28
30,Tanya Sharma,customer30@example.com,9825374874,Mumbai,Maharashtra,2025-12-16
