cart_id,customer_id,product_id,quantity
1,1,4,3
2,1,19,1
3,2,8,1
4,2,28,2
5,4,19,2
6,4,8,3
7,7,18,3
8,7,1,3
9,7,20,2
10,8,23,2
11,8,25,2
12,9,28,1
13,10,3,3
14,10,5,3
15,12,7,2
16,12,13,2
17,12,14,1
18,13,11,3
19,13,25,1
20,13,19,1
21,14,2,2
22,14,22,2
23,14,3,3
24,15,15,1
25,15,14,3
26,15,9,1
27,16,10,3
28,18,10,2
29,18,2,3
30,18,8,1
31,19,7,1
32,19,25,2
33,20,1,2
34,22,18,1
35,22,23,3
36,23,26,2
37,23,12,3
38,23,3,1
39,24,3,2
40,24,28,3
41,25,23,2
42,25,21,2
43,26,11,1
44,28,12,1
45,28,3,1
46,28,14,2
47,29,3,2
48,29,13,3
49,29,28,2
50,30,3,3
