order_id,customer_id,order_date,order_status
1,7,2026-03-09,Cancelled
2,14,2026-07-01,Delivered
3,7,2026-04-08,Delivered
4,28,2026-02-20,Cancelled
5,6,2026-07-28,Delivered
6,30,2026-08-21,Delivered
7,16,2026-09-15,Confirmed
8,3,2026-02-04,Confirmed
9,14,2026-09-25,Shipped
10,22,2026-06-03,Shipped
11,18,2026-04-20,Shipped
12,15,2026-06-04,Cancelled
13,10,2026-02-23,Shipped
14,10,2026-04-18,Shipped
15,3,2026-08-05,Placed
16,24,2026-08-15,Delivered
17,18,2026-03-17,Confirmed
18,29,2026-07-03,Confirmed
19,20,2026-03-21,Confirmed
20,26,2026-07-30,Confirmed
21,8,2026-04-13,Shipped
22,9,2026-02-05,Shipped
23,4,2026-08-11,Shipped
24,12,2026-08-09,Shipped
25,13,2026-06-01,Confirmed
26,20,2026-06-04,Cancelled
27,7,2026-08-09,Cancelled
28,6,2026-02-13,Cancelled
29,8,2026-04-12,Placed
30,15,2026-08-01,Cancelled
31,8,2026-03-17,Placed
32,26,2026-09-23,Placed
33,25,2026-08-15,Cancelled
34,9,2026-05-07,Shipped
35,29,2026-02-11,Confirmed
36,3,2026-08-01,Shipped
37,1,2026-06-30,Delivered
38,11,2026-07-27,Confirmed
39,3,2026-08-08,Delivered
40,25,2026-07-14,Delivered
41,3,2026-01-21,Confirmed
42,5,2026-08-31,Placed
43,25,2026-03-25,Placed
44,23,2026-04-12,Cancelled
45,20,2026-03-03,Placed
46,28,2026-08-04,Placed
47,20,2026-09-05,Delivered
48,1,2026-09-11,Confirmed
49,18,2026-01-06,Confirmed
50,16,2026-05-04,Delivered
51,18,2026-06-26,Cancelled
52,8,2026-03-03,Confirmed
53,24,2026-09-05,Cancelled
54,6,2026-06-04,Cancelled
55,10,2026-03-06,Delivered
56,15,2026-06-24,Placed
57,5,2026-03-18,Shipped
58,25,2026-09-25,Delivered
59,7,2026-05-16,Placed
60,14,2026-08-19,Cancelled
61,22,2026-04-30,Cancelled
62,21,2026-03-18,Confirmed
63,20,2026-05-28,Placed
64,29,2026-08-10,Shipped
65,25,2026-03-31,Cancelled
66,12,2026-07-29,Shipped
67,10,2026-07-25,Placed
68,14,2026-01-28,Cancelled
69,7,2026-05-17,Confirmed
70,26,2026-05-03,Confirmed
71,4,2026-03-20,Shipped
72,7,2026-09-18,Confirmed
73,30,2026-09-17,Placed
74,15,2026-09-05,Shipped
75,11,2026-08-31,Delivered
76,28,2026-08-14,Cancelled
77,26,2026-05-16,Cancelled
78,21,2026-09-07,Placed
79,24,2026-02-16,Placed
80,2,2026-06-16,Shipped
