order_id,product_id,quantity,unit_price
1,8,1,1899
1,26,1,1299
1,16,1,999
1,14,3,799
2,28,3,999
2,24,3,299
2,2,1,1799
2,22,1,299
3,14,2,799
3,6,2,699
4,3,1,3299
5,28,1,999
5,13,1,899
6,5,3,999
6,7,3,2499
6,10,3,3299
6,2,1,1799
7,17,1,399
8,4,3,4499
8,29,3,499
8,19,1,499
8,8,3,1899
9,22,2,299
9,23,1,449
10,1,2,2499
11,12,1,599
11,29,1,499
12,22,3,299
13,29,1,499
14,22,2,299
14,21,3,799
15,11,1,1199
16,4,1,4499
17,10,2,3299
18,12,3,599
19,29,1,499
19,14,1,799
20,6,1,699
20,26,2,1299
20,23,1,449
21,27,1,799
21,26,1,1299
21,28,1,999
22,22,1,299
22,27,1,799
22,18,2,599
22,11,1,1199
23,20,3,899
23,17,1,399
23,4,2,4499
23,13,1,899
24,22,3,299
24,28,2,999
24,4,3,4499
25,14,2,799
25,22,3,299
26,10,2,3299
27,15,3,699
27,22,2,299
27,7,3,2499
28,3,1,3299
28,27,3,799
28,25,2,699
29,8,2,1899
30,23,2,449
30,13,2,899
31,25,2,699
32,28,2,999
32,4,1,4499
33,27,1,799
33,18,3,599
33,15,2,699
33,29,2,499
34,21,1,799
34,8,3,1899
34,9,2,1499
34,15,1,699
35,13,1,899
35,23,3,449
36,14,2,799
36,2,2,1799
36,7,3,2499
36,27,3,799
37,18,1,599
37,24,2,299
37,26,1,1299
37,20,2,899
38,5,2,999
38,20,3,899
38,18,3,599
38,1,3,2499
39,2,2,1799
39,9,2,1499
40,27,1,799
40,3,3,3299
40,16,3,999
41,27,3,799
41,1,1,2499
42,15,2,699
42,23,2,449
43,10,3,3299
44,4,2,4499
44,23,3,449
45,18,2,599
45,14,1,799
45,22,3,299
46,12,2,599
46,21,3,799
46,29,1,499
46,27,2,799
47,11,1,1199
47,28,2,999
47,8,2,1899
48,7,2,2499
48,12,2,599
48,26,3,1299
48,9,3,1499
49,8,3,1899
50,15,2,699
50,26,1,1299
50,1,2,2499
50,3,3,3299
51,12,2,599
51,23,2,449
51,15,2,699
52,4,3,4499
52,24,1,299
52,18,1,599
53,4,2,4499
53,27,1,799
53,7,2,2499
54,9,1,1499
54,2,3,1799
55,28,1,999
56,28,1,999
56,16,2,999
56,4,2,4499
57,8,1,1899
58,10,2,3299
58,28,3,999
58,19,3,499
58,14,1,799
59,8,3,1899
59,6,1,699
60,10,2,3299
60,2,3,1799
60,8,2,1899
60,23,1,449
61,14,3,799
61,4,1,4499
62,2,1,1799
63,23,3,449
63,10,3,3299
63,13,2,899
63,9,2,1499
64,1,3,2499
64,3,3,3299
64,8,3,1899
65,9,3,1499
65,6,2,699
65,19,1,499
65,14,2,799
66,28,1,999
67,3,2,3299
67,11,3,1199
67,9,1,1499
67,4,3,4499
68,20,3,899
68,25,2,699
68,16,1,999
69,15,2,699
69,29,1,499
69,23,1,449
70,18,1,599
70,1,1,2499
70,14,1,799
71,14,2,799
71,27,1,799
71,16,2,999
72,9,2,1499
73,24,3,299
73,10,3,3299
73,27,3,799
74,15,3,699
74,11,1,1199
74,28,3,999
74,7,2,2499
75,22,1,299
75,26,2,1299
75,27,1,799
75,21,1,799
76,1,3,2499
76,24,1,299
76,5,1,999
76,14,2,799
77,21,3,799
77,3,3,3299
77,28,2,999
77,11,2,1199
78,8,3,1899
79,15,1,699
80,12,1,599
80,14,3,799
80,5,2,999
