payment_id,order_id,payment_method,amount,payment_status
1,2,Cash on Delivery,5992,Paid
2,3,Credit Card,2996,Paid
3,5,Cash on Delivery,1898,Paid
4,6,Debit Card,22190,Paid
5,7,Credit Card,399,Paid
6,8,UPI,21190,Paid
7,9,Debit Card,1047,Paid
8,10,Net Banking,4998,Paid
9,11,Debit Card,1098,Paid
10,13,Net Banking,499,Paid
11,14,Cash on Delivery,2995,Paid
12,15,Debit Card,1199,Pending
13,16,Credit Card,4499,Paid
14,17,UPI,6598,Paid
15,18,Cash on Delivery,1797,Paid
16,19,Debit Card,1298,Paid
17,20,Cash on Delivery,3746,Paid
18,21,Credit Card,3097,Paid
19,22,Net Banking,3495,Paid
20,23,Cash on Delivery,12993,Paid
21,24,Debit Card,16392,Paid
22,25,Credit Card,2495,Paid
23,29,Net Banking,3798,Pending
24,31,Credit Card,1398,Pending
25,32,Cash on Delivery,6497,Paid
26,34,Debit Card,10193,Paid
27,35,Credit Card,2246,Paid
28,36,UPI,15090,Paid
29,37,Cash on Delivery,4294,Paid
30,38,UPI,13989,Paid
31,39,Credit Card,6596,Paid
32,40,UPI,13693,Paid
33,41,Credit Card,4896,Paid
34,42,Credit Card,2296,Pending
35,43,Cash on Delivery,9897,Paid
36,45,Debit Card,2894,Pending
37,46,Credit Card,5692,Paid
38,47,Credit Card,6995,Paid
39,48,Debit Card,14590,Paid
40,49,Cash on Delivery,5697,Paid
41,50,Credit Card,17592,Paid
42,52,Credit Card,14395,Paid
43,55,Net Banking,999,Paid
44,56,UPI,11995,Pending
45,57,Net Banking,1899,Paid
46,58,Net Banking,11891,Paid
47,59,Credit Card,6396,Pending
48,62,Debit Card,1799,Paid
49,63,UPI,16040,Pending
50,64,UPI,23091,Paid
51,66,Debit Card,999,Paid
52,67,Net Banking,25191,Paid
53,69,Net Banking,2346,Paid
54,70,Cash on Delivery,3897,Paid
55,71,Net Banking,4395,Paid
56,72,Debit Card,2998,Paid
57,73,Cash on Delivery,13191,Pending
58,74,Credit Card,11291,Paid
59,75,Net Banking,4495,Paid
60,78,Debit Card,5697,Pending
61,79,Debit Card,699,Pending
62,80,Net Banking,4994,Paid
