review_id,customer_id,product_id,rating,review_text
1,4,20,5,Average
2,2,5,2,Average
3,11,26,2,Average
4,25,29,3,Could be better
5,14,22,3,Could be better
6,26,18,1,Average
7,20,22,3,Could be better
8,10,28,4,Excellent quality
9,20,10,4,Good product
10,8,25,5,Excellent quality
11,15,28,3,Good product
12,18,23,1,Very useful
13,16,17,3,Worth the price
14,21,8,2,Could be better
15,13,22,2,Could be better
16,10,29,3,Average
17,6,13,2,Good product
18,11,18,4,Worth the price
19,20,10,5,Excellent quality
20,14,16,3,Worth the price
21,25,29,3,Could be better
22,23,4,4,Good product
23,20,29,4,Very useful
24,20,11,4,Good product
25,9,21,4,Excellent quality
26,9,15,3,Good product
27,15,13,1,Very useful
28,7,9,5,Worth the price
29,14,23,3,Could be better
30,24,4,2,Good product
31,6,13,4,Good product
32,10,29,5,Worth the price
33,16,3,3,Could be better
34,26,1,5,Could be better
35,26,26,1,Average
36,24,15,3,Good product
37,1,12,4,Average
38,8,25,1,Could be better
39,1,26,1,Average
40,3,2,1,Average
41,15,22,5,Good product
42,16,17,2,Worth the price
43,30,24,1,Very useful
44,7,7,2,Worth the price
45,25,10,5,Good product
46,3,2,2,Very useful
47,25,18,1,Could be better
48,28,3,1,Excellent quality
49,8,25,1,Worth the price
50,9,21,2,Could be better
51,6,9,1,Average
52,25,19,5,Very useful
53,10,21,5,Worth the price
54,24,15,5,Excellent quality
55,7,8,1,Average
56,8,24,1,Average
57,5,8,1,Excellent quality
58,21,8,1,Worth the price
59,3,7,4,Very useful
60,14,25,4,Very useful
61,21,8,1,Could be better
62,3,11,4,Average
63,15,13,3,Average
64,8,24,1,Excellent quality
65,10,28,3,Excellent quality
66,26,23,4,Good product
67,15,22,1,Average
68,10,29,2,Very useful
69,3,19,1,Average
70,28,27,1,Excellent quality
